"from_node","to_node","lcp_length_m","lcp_cost"
1,2,847.279220613579,18472.739200592
4,36,963.380951166243,27671.7547874451
4,5,1313.9696961967,47162.9770851135
7,24,787.279220613579,16001.0191688538
10,36,1154.55844122716,34467.2422828674
11,31,2226.39610306789,128711.956882477
18,52,930,22240.8514099121
26,29,1021.24891681028,30461.5242652893
29,46,689.116882454314,14042.1266670227
31,32,674.558441227157,12359.3640785217
24,33,794.558441227157,16805.8972206116
39,46,3253.67532368147,271462.487705231
45,83,938.528137423857,26204.1400489807
54,334,3403.15800540037,335710.535434723
61,228,2580.73159852918,196959.276065826
31,62,839.116882454314,20266.3345069885
82,228,4552.9350596345,610505.580692291
85,106,1027.27922061358,26967.8989295959
86,106,1419.41125496954,52102.4807167053
106,131,702.426406871193,12582.9529380798
116,186,2515.21861300697,175164.631015778
129,247,1883.08657865101,100174.914951324
132,252,2464.26406871193,154537.514499664
186,252,2097.35064736294,127772.718418121
214,228,2070,108496.374053955
86,231,2504.55844122716,158409.479679108
299,525,3296.46752981725,307915.737094879
334,437,2904.33549546129,239778.688632965
347,430,1809.41125496954,83716.6462440491
365,485,4411.98051533946,562286.490146637
379,1019,5925.29003975634,947308.400547028
385,474,1384.26406871193,50269.3751564026
401,408,694.264068711929,13948.6394233704
401,411,741.837661840736,15554.1936988831
129,424,3341.54328932551,283346.933567047
430,506,1417.64501987817,59579.383644104
454,474,1080,29900.2626647949
464,506,1028.52813742386,31331.0480995178
466,491,1090.66017177982,35425.274684906
483,777,2386.69047558312,145464.539920807
408,485,1303.67532368147,48250.5209693909
491,592,762.426406871193,14795.1439476013
494,627,1630.66017177982,76349.3840675354
509,668,2429.4826817189,170907.641880035
474,511,3038.01081914276,271419.517276764
525,553,644.558441227157,11361.6560249329
506,550,1151.54328932551,36638.4241676331
454,558,1352.13203435596,46707.8881874084
569,619,891.837661840736,21754.5074501038
525,591,1695.80735803743,81142.1251564026
592,595,496.690475583121,7447.07987594604
553,593,1381.24891681028,53214.9293556213
601,1039,4402.56926036991,551833.683261871
646,1859,6611.24025129249,1289735.72504044
647,650,536.98484809835,8317.75932693481
649,806,1062.42640687119,28556.0983543396
658,1056,4480.14285349872,568768.995639801
776,777,744.852813742386,14205.3341560364
813,886,1395.80735803743,56560.8993873596
558,871,3272.86363288514,313856.944431305
896,986,2141.54328932551,118456.687168121
899,1039,2170.66017177982,129282.981052399
984,1002,784.264068711929,17459.9345436096
986,1049,1965.80735803743,106423.00687027
899,1019,2722.20346110532,208966.49148941
1039,1106,621.837661840736,11232.9405250549
1049,1096,1061.54328932551,31577.7570838928
1002,1056,1069.70562748477,29345.5865516663
1096,1102,787.279220613579,16001.0191688538
1153,1232,1360.66017177982,54393.0860023499
1163,1190,833.9696961967,20407.8914070129
1049,1182,2256.76190233248,149695.359500885
1190,1267,798.822509939086,18991.4185523987
1228,1554,4109.4826817189,451729.599521637
1232,1261,736.690475583121,15757.5968971252
1254,1267,464.558441227157,6265.42505264282
1272,2682,8431.46319705836,1989642.4051857
1277,1768,2353.67532368147,144998.864658356
1102,1308,2768.52813742385,199540.05398941
1310,1500,1769.11688245431,81493.4870948792
1261,1335,1023.38095116624,31132.3439369202
1254,1396,1014.85281374239,26152.8022956848
1444,1500,1501.24891681028,62006.3932228088
1396,1500,1117.27922061358,31817.5742530823
1335,1513,1599.41125496954,65746.8284339905
1627,1693,593.9696961967,10799.365272522
1733,1741,1482.42640687119,55381.4338645935
1773,1916,1356.39610306789,50501.8544654846
1782,1999,2754.33549546129,217317.850986481
1773,1783,1444.26406871193,54532.0495948792
1858,2346,1381.24891681028,53214.9293556213
1859,2001,2334.33549546129,159330.726718903
1867,1947,1316.10173055266,49480.1969337463
1874,1996,1592.49783362056,75134.2364387512
1906,2195,4594.99566724111,598623.965244293
1916,2025,1250.95454429505,45598.1187171936
2001,2128,1367.9393923934,55408.1944007874
2058,2564,5493.74675043083,799584.29214859
1782,2115,3017.4220741123,269077.68176651
2131,2184,5714.40692221065,910284.013584137
2195,2231,612.426406871193,9606.0267906189
2284,2511,3712.56926036991,401137.180088043
2318,2512,2226.39610306789,128711.956882477
2324,2469,1905.80735803743,100546.669345856
2435,2469,876.396103067893,22553.0999946594
2454,2617,1605.80735803743,73378.4424781799
2470,2494,519.411254969543,7943.2045173645
2483,2602,1894.62986797652,106021.292438507
2511,2645,2360.07142674936,157293.308628082
2454,2512,1682.49783362056,83600.7577705383
2523,2544,683.9696961967,13965.1113471985
2543,2602,1455.80735803743,61177.0678138733
2564,2778,3248.01081914276,308433.058200836
2577,2678,1446.39610306789,56834.2962989807
2523,2579,798.822509939086,18991.4185523987
2617,2733,1219.70562748477,37978.3195533752
2631,3007,2480.07142674936,172333.012973785
2653,2730,1286.10173055266,47411.2868690491
2677,2787,1855.21861300698,99771.7550392151
2678,2682,891.837661840736,21754.5074501038
2324,2706,3211.98051533946,305053.025997162
2726,3477,2590.66017177982,179404.679843903
2730,2788,1193.08657865101,42261.5445289612
2733,2831,1151.54328932551,36638.4241676331
2730,2769,1289.11688245431,44635.6247901917
2778,2818,1630.66017177982,76349.3840675354
2678,2802,2155.21861300698,131817.867160797
2806,2818,914.558441227157,21973.012424469
2818,2861,540,7672.38238525391
2806,2872,1166.98484809835,35429.9902381897
2888,3007,1847.9393923934,97768.7826881409
2890,3315,2084.04112294606,128529.698673248
2831,2897,3486.76190233248,337030.083896637
2831,2901,1516.69047558312,60276.9557533264
2907,2915,932.132034355964,22583.9398841858
2950,2972,1034.55844122716,27860.1272621155
2957,3033,586.690475583121,10273.0250740051
3008,3068,644.558441227157,11361.6560249329
3055,3098,586.690475583121,10273.0250740051
3057,3123,1118.52813742386,36749.1539344788
2901,3061,4288.59956417322,507503.87430191
3155,3191,759.411254969543,15943.8310585022
3184,3519,2033.08657865101,115353.10464859
2972,3202,3782.86363288514,412599.45230484
3123,3226,1580.07142674936,73905.0428504944
3155,3250,720,13461.67578125
3254,3291,1676.10173055266,77153.9278297424
3266,3299,921.837661840736,23118.3818092346
3271,3451,1626.39610306789,70721.2521095276
3293,3377,690,12361.793548584
3307,3383,948.822509939086,26356.1651954651
3315,3419,1168.23376490863,40486.4558296204
3317,3419,1076.10173055266,33998.3845863342
3333,3377,1196.98484809835,37219.4889564514
3254,3369,1783.67532368147,85851.8103981018
3333,3372,1740,76867.6697692871
3377,3380,542.132034355964,8096.11053848267
3381,3412,1943.08657865101,106138.897983551
3393,3425,872.132034355964,19857.6615943909
3406,3529,847.279220613579,18472.739200592
3431,3521,1253.9696961967,43298.8573951721
3441,3815,2477.05627484771,176674.237766266
3449,3504,1164.85281374239,34361.6248054504
3451,3502,793.675323681471,18829.4566612244
3425,3464,1512.42640687119,57638.889919281
3471,4669,2726.46752981725,216118.257724762
3482,3955,1793.08657865101,91521.2249488831
3502,3516,702.426406871193,12582.9529380798
3381,3510,2299.70562748477,133360.303073883
3519,3743,1129.70562748477,32664.5855751038
3521,3578,1046.98484809835,28748.3165016174
3317,3552,2421.32034355964,172925.73645401
3622,3645,544.264068711929,8840.94507217407
3630,3697,909.411254969543,22244.9071083069
3634,3790,1658.52813742386,76282.4573097229
3643,3649,1129.70562748477,32664.5855751038
3649,3656,1860.36579926459,99459.0949440002
3680,3710,594.852813742386,9146.51155471802
3687,3767,1457.9393923934,62626.3002357483
3688,3761,1203.38095116624,42582.0447120667
3656,3689,3799.55410846826,423146.366306305
3529,3713,2321.9090885901,157355.603610992
3761,3914,1076.98484809835,30357.8152198792
3767,3866,847.279220613579,18472.739200592
3786,3847,2452.20346110532,172236.955234528
3790,3811,524.558441227157,7816.66182327271
3798,4198,2089.18830920368,129112.645694733
3800,3902,649.705627484771,11152.5926551819
3800,3812,1232.13203435596,38915.3317909241
3813,3861,1844.55844122716,86430.3454627991
3710,3819,1531.24891681028,64266.632358551
3843,3866,930,22240.8514099121
3844,3965,1563.38095116624,69396.960849762
3847,4171,1629.77705423413,78669.6732559204
3856,3964,1695.80735803743,81142.1251564026
3861,3955,1618.23376490863,74870.380405426
3873,3926,934.264068711929,24038.7606544495
3875,3914,614.558441227157,10412.138507843
3441,3888,2766.39610306789,196293.59280777
3926,3965,826.690475583121,19490.4481544495
3902,3952,1690.66017177982,81647.7289772034
3875,3956,1154.55844122716,34467.2422828674
3873,3964,1423.67532368147,56736.4513893127
3965,4020,773.9696961967,17727.9607887268
4020,4083,978.822509939086,27941.6644935608
4101,4254,1295.51298552221,49759.5117073059
4180,4317,2507.9393923934,171475.173740387
4198,4290,1063.67532368147,33076.0268287659
4222,4459,1714.62986797652,87051.778968811
3964,4230,2855.87878478679,239502.531986237
4232,4450,976.690475583121,26448.288974762
4083,4254,1351.24891681028,51119.5132789612
4290,4411,806.98484809835,17544.9693946838
4292,4359,4572.79220613578,539592.012241364
4298,4391,1828.23376490863,93757.4203224182
4303,4317,779.116882454314,17660.1640968323
3819,4326,4490.43722601395,565928.036899567
4341,4368,839.116882454314,20266.3345069885
4342,4386,1147.27922061358,33531.3386268616
4353,4411,616.690475583121,11293.6248664856
4341,4357,1106.10173055266,35808.018863678
4359,4953,3749.84848098349,410604.932956696
4362,4381,1393.67532368147,54557.1963844299
4386,4398,444.852813742386,5207.98341751099
4389,4450,1538.52813742386,66449.7196388245
4353,4391,1214.55844122716,38040.7999305725
4393,4491,1433.9696961967,55441.7174415588
4423,4557,1835.5129855222,96073.3932228088
4357,4432,2794.26406871193,198022.209079742
4440,4459,1243.67532368147,44239.47473526
4469,4803,2173.67532368147,124566.140781403
4494,4525,1472.13203435596,55220.4445838928
4303,4526,1310.95454429505,49765.876499176
4557,4645,951.837661840736,24535.610080719
4567,4598,1395.80735803743,56560.8993873596
4570,4636,1088.52813742386,34910.9785652161
4598,4675,756.396103067893,17040.0074195862
4557,4612,1689.41125496954,73180.4144325256
4626,4636,1059.41125496954,29673.7850074768
4643,4750,1461.83766184073,55476.0652198792
4675,4706,489.411254969543,7111.38271713257
4706,4709,544.264068711929,8840.94507217407
4706,4739,609.411254969543,10671.3457679749
4756,4772,1571.54328932551,65358.742893219
4764,4813,812.132034355964,17311.3832130432
4768,4908,2837.9393923934,215683.341953278
4779,4802,4384.99566724111,548876.125644684
4782,4833,823.675323681471,20208.6590042114
4782,4785,1094.55844122716,31073.6850013733
4803,4842,751.248916810279,16892.1502952576
4836,5025,2678.89393668845,209504.362644196
4871,5094,1777.64501987817,92395.5353126526
4891,5198,3499.70562748477,307740.290866852
4871,4908,1880.95454429505,96768.6023902893
4953,4998,963.380951166243,27671.7547874451
4813,4986,2900.43722601395,248335.307498932
4990,5269,2181.32034355964,140745.899452209
4998,5054,589.705627484771,9273.59349441528
5010,6163,5840.07142674936,873032.50687027
5025,5108,1117.27922061358,31817.5742530823
5094,5141,964.264068711929,25477.202091217
5105,5126,549.411254969543,8817.06966018677
5108,5181,534.852813742386,7437.04141616821
5116,5211,1079.11688245431,32155.2703590393
5116,5117,1515.80735803743,65949.0243263245
4842,5155,3728.52813742385,355787.524692535
5159,5254,912.426406871193,21116.9815635681
5165,6235,1866.39610306789,91757.5340919495
5183,5232,2606.98484809835,171770.072879791
5196,7890,6147.35064736294,968631.562046051
5198,5232,1576.69047558312,64936.9093666077
5215,5231,744.852813742386,14205.3341560364
5223,5234,1796.10173055266,87597.542514801
5231,5288,612.426406871193,9606.0267906189
5236,5285,544.264068711929,8840.94507217407
5126,5241,1033.67532368147,31340.5275306702
5247,5267,1158.82250993909,38204.7466773987
5267,5388,966.396103067893,27073.452091217
5269,5336,1328.52813742386,50698.1011390686
5287,5483,1133.08657865101,38211.1091880798
5293,5318,1246.69047558312,41535.4214515686
5298,5347,796.690475583121,18203.2115516663
5300,5434,1319.11688245431,46611.0931129456
5317,5389,1076.10173055266,33998.3845863342
5351,5465,921.837661840736,23118.3818092346
5285,5365,1210.66017177982,43466.3520698547
5288,5366,1170,34999.9090881348
5399,5495,2296.69047558312,134896.352176666
5407,5534,1829.48268171891,99107.9756507874
5423,5550,1010.95454429505,30372.4613380432
5155,5429,3738.82250993908,355284.021396637
5434,5490,694.264068711929,13948.6394233704
5436,5490,956.101730552664,27132.4560432434
5458,5465,907.279220613579,21124.4591407776
5471,5632,1361.54328932551,49888.0311012268
5483,5533,514.264068711929,7927.24116897583
5490,5532,539.116882454314,8747.98983383179
5366,5493,1351.24891681028,51119.5132789612
5508,5688,2267.05627484771,149650.988071442
5429,5531,4040.80302527854,482233.856327057
5533,5542,356.98484809835,3849.69835662842
5534,5622,919.705627484771,21833.324344635
5548,5684,1579.70562748477,63292.3138771057
5532,5575,593.9696961967,10799.365272522
5575,5585,1740.36579926459,87826.6297340393
5532,5637,1657.64501987817,80934.6499977112
5640,5684,1101.83766184074,32283.6940956116
5651,5766,1399.70562748477,49825.3168067932
5693,5836,1480.66017177982,63780.1858863831
5721,5747,621.837661840736,11232.9405250549
5165,5744,2349.77705423413,158538.886814117
5752,5776,994.264068711929,26943.4718666077
5766,5869,600,9422.14685058594
5550,5792,2849.4826817189,229900.633945465
5688,5817,6911.9090885901,1226187.42288589
5747,5841,883.675323681471,23223.4374427795
5843,5890,902.132034355964,21207.3084754944
5881,5929,564.852813742386,8266.9236946106
5905,6231,2254.62986797652,147694.725803375
5949,6150,1022.13203435596,27019.8650550842
5962,6183,1553.9696961967,64445.3000831604
5929,5965,1479.41125496954,56470.596622467
5990,6062,789.411254969543,17115.4064979553
5999,6183,1049.11688245431,30536.2990760803
6024,6119,646.690475583121,12359.7954292297
6048,8428,8103.59523141432,1860686.4117775
6049,6176,2055.80735803743,115504.778049469
6049,6058,2267.05627484771,149650.988071442
6024,6085,882.426406871193,19759.5256919861
6107,6163,806.101730552664,19682.6224136353
6119,6150,384.852813742386,3948.51327896118
5841,6152,4324.11254969542,529739.096469879
6235,6267,459.411254969543,6305.82597732544
6062,6260,1246.69047558312,41535.4214515686
6119,6309,1526.98484809835,59795.0108070374
6327,6506,2027.05627484771,120976.26077652
6267,6350,792.426406871193,15972.5997276306
6368,6395,1251.83766184074,41162.5862159729
6350,6411,1673.9696961967,74168.882724762
6413,6584,1543.67532368147,65813.6436500549
6462,6633,743.9696961967,16445.2758674622
6107,6524,2647.64501987817,193410.510532379
6554,6633,3176.10173055266,259595.852207184
6395,6560,1947.35064736294,111076.74930191
6565,6584,1079.11688245431,32155.2703590393
6595,6884,1598.52813742386,71290.7284889221
6597,6647,696.396103067893,14467.9393234253
6599,6645,1436.98484809835,53102.8358802795
6413,6625,5367.35064736294,743836.418979645
6655,6745,3422.49783362055,313519.457309723
6672,6964,3602.86363288514,376529.005771637
6685,6781,1136.98484809835,33698.6520423889
5817,6687,7600.14285349872,1518422.96500015
6647,6721,841.248916810279,21059.894657135
6745,6788,1469.11688245431,57107.3231544495
6755,6761,589.705627484771,9273.59349441528
6761,6788,574.264068711929,9798.65240859985
6565,6779,2161.61471607487,138122.682422638
6781,6850,600,9422.14685058594
6884,6921,1021.24891681028,30461.5242652893
6918,6964,1073.9696961967,32598.3268165588
6921,7054,969.411254969543,25083.0231971741
6779,6989,2499.77705423413,177827.653232574
7034,7054,882.426406871193,19759.5256919861
7051,7431,4354.62986797652,500054.56167984
7054,7077,1451.54328932551,56249.7189674377
6755,7136,4912.9350596345,707024.912998199
7034,7201,4480.14285349872,568768.995639801
7255,7282,1209.41125496954,38235.4870033264
7077,7261,2108.52813742385,118849.918796539
7299,7352,522.426406871193,7026.38004684448
7321,7352,997.279220613579,25434.1342811584
7323,7370,2578.23376490863,176985.960849762
7383,8302,4810.14285349872,648556.311435699
7430,7502,1752.79220613578,89355.1940345764
7430,7431,2059.70562748477,107124.306064606
7464,7524,1418.52813742386,57230.2004127502
7255,7515,2675.5129855222,192327.725376129
7464,7535,1754.92424049175,90843.8460121155
7323,7630,2513.9696961967,162393.962497711
7663,7698,787.279220613579,16001.0191688538
7671,7781,1322.13203435596,44701.2565956116
7663,7680,1836.39610306789,88964.4758644104
7683,7736,757.279220613579,14827.254611969
7699,7782,1340.95454429505,51908.8950233459
7698,7752,1550.95454429505,67922.3310279846
7755,7948,2344.26406871193,140072.165622711
7825,7837,1791.83766184073,82431.142124176
7827,7859,594.852813742386,9146.51155471802
7857,7862,1279.70562748477,41747.3187599182
7859,7862,324.852813742386,2870.03726959229
7866,8002,1429.70562748477,51959.580783844
7782,7875,1736.98484809835,77007.0195350647
7890,7931,731.543289325507,15833.4974403381
7914,7932,526.690475583121,8310.32976531982
7942,7948,812.132034355964,17311.3832130432
7979,8013,2317.64501987817,151425.060337067
8014,8075,1070.95454429505,33970.94739151
7948,8027,1178.52813742386,40555.4728126526
7931,8051,1052.13203435596,28576.4966468811
8122,8294,1852.20346110533,101330.498981476
8075,8126,1226.10173055266,43395.1179847717
7752,8160,5409.62553521762,857809.275424957
8165,8445,2696.10173055266,188970.353183746
7875,8178,3193.67532368147,261771.579502106
8205,8427,4434.70129472588,564805.808994293
8051,8243,1883.9696961967,92914.1082496643
8258,8262,1520.95454429505,65533.4205055237
8262,8396,1408.23376490863,57789.2901649475
8271,8302,1924.26406871193,95113.4451026917
8281,8294,2181.32034355964,140745.899452209
8293,8294,762.426406871193,14795.1439476013
8302,8379,716.98484809835,14098.4138832092
8350,8396,756.396103067893,17040.0074195862
8415,8911,5032.20346110532,659028.245639801
8428,8445,1069.70562748477,29345.5865516663
8002,8431,4163.9696961967,438402.185031891
8436,8471,2356.17315730202,164228.878772736
8396,8471,864.852813742386,19064.2743415833
8587,8781,1005.80735803744,30155.5978660583
8663,8688,734.558441227157,14492.3396644592
8688,8753,623.9696961967,11684.2147331238
8178,8691,4513.67532368147,516551.562168121
8720,8887,1830.36579926459,96493.0696144104
8723,9027,2029.70562748477,104049.571018219
8766,10147,2087.05627484771,127920.032962799
8773,8858,896.101730552664,23896.6575965881
8723,8774,2146.69047558312,118184.725467682
8786,9153,2227.27922061358,125002.296085358
8753,8815,2283.38095116624,139552.185642242
8842,9942,5099.4826817189,679989.378940582
8858,8919,422.132034355964,5146.81377792358
8876,8919,937.279220613579,22512.4144325256
8886,9162,1793.08657865101,91521.2249488831
8887,8975,738.822509939086,16281.3259353638
8891,8944,796.690475583121,18203.2115516663
8910,8919,1208.52813742386,42501.5238685608
8911,9229,1725.80735803743,83789.0025978088
8938,9141,3279.77705423413,293057.592563629
8887,8976,976.690475583121,26448.288974762
9027,9155,1504.26406871193,58974.7240333557
9041,9206,993.380951166243,29336.1171951294
9055,9120,724.264068711929,15086.9711341858
9086,9206,793.675323681471,18829.4566612244
9112,9120,720,13461.67578125
9141,9170,1424.55844122716,51965.4425697327
9155,9320,1223.08657865101,44394.155216217
9164,9280,1889.4826817189,105691.02690506
9176,9323,501.837661840736,7525.93011856079
8976,9184,1350,46459.2019348145
9206,9231,574.264068711929,9798.65240859985
9229,9319,1100.95454429505,35823.5169258118
9184,9234,1689.77705423413,84593.290348053
9170,9250,3187.12770159707,300147.293582916
9259,9870,3957.35064736294,414680.520908356
9307,9542,4097.05627484771,447847.074619293
9321,9322,2172.42640687119,118602.987819672
9231,9322,950.95454429505,26886.5911331177
9326,9636,2227.64501987817,140752.727878571
9331,9636,1546.69047558312,62585.1897010803
9234,9357,1892.13203435596,90684.3919715881
9430,9459,822.426406871193,17187.3347740173
9436,9512,819.411254969543,18323.0914955139
9512,9667,642.426406871193,10550.7619743347
9517,9866,1928.52813742385,100623.519321442
9322,9519,1170,34999.9090881348
9542,10101,3719.4826817189,375277.779697418
9599,10007,1430.95454429505,58554.0017433167
9519,9648,1397.9393923934,57779.6550788879
9667,9687,1256.98484809835,40920.325504303
9749,9803,1516.69047558312,60276.9557533264
9755,9916,991.248916810279,28801.8901405334
9765,9887,2057.9393923934,119268.570468903
9794,10168,1571.54328932551,65358.742893219
9803,10056,1081.24891681028,33880.8659095764
9320,9826,3365.5129855222,296770.709018707
9870,9940,836.98484809835,18794.4681129456
9887,10002,844.264068711929,19994.3931312561
9794,9900,1705.21861300698,85131.0318031311
9916,10063,714.852813742386,13105.4518318176
9942,10209,2531.02597104441,189220.029010773
9984,10256,1259.11688245431,42723.8601417542
9940,9988,896.98484809835,21415.3049354553
9991,10202,874.264068711929,21305.088809967
10001,10040,2762.13203435596,192211.937015533
9991,10032,1334.55844122716,45727.9152259827
10101,10363,2744.04112294606,218221.997837067
10107,10166,5044.99566724111,711339.342441559
10147,10240,579.411254969543,9726.56453323364
9866,10166,2849.4826817189,229900.633945465
10168,10206,914.558441227157,21973.012424469
10056,10170,1032.42640687119,26981.3633079529
10192,10309,709.705627484771,13211.5916786194
10200,10245,826.690475583121,19490.4481544495
10209,10359,986.98484809835,25677.4798622131
10226,10285,1090.66017177982,35425.274684906
10235,10276,569.116882454314,9699.45223236084
10255,10507,1306.69047558312,45385.3752479553
10202,10293,2155.21861300698,131821.859592438
10305,10363,1823.9696961967,87332.3169288635
10315,10418,864.852813742386,19064.2743415833
10325,10366,2082.42640687119,109003.341396332
10327,10469,1387.27922061358,48818.2183876038
10040,10348,3283.15800540037,313753.896579742
10351,10359,1737.35064736294,89245.0264778137
10327,10366,1579.70562748477,63292.3138771057
10309,10400,1101.83766184074,32283.6940956116
10401,10410,804.852813742386,16544.8042488098
10426,10497,1183.67532368147,40375.6048927307
10426,10437,1214.55844122716,38040.7999305725
10465,10610,1418.52813742386,57230.2004127502
10469,10659,1059.41125496954,29673.7850074768
10479,10626,1442.49783362056,62273.4094619751
10507,10535,971.543289325507,26830.4830055237
10516,10678,2476.17315730202,180987.089725494
10528,10720,1466.98484809835,55284.1740760803
10410,10530,1887.35064736294,104644.041568756
10534,10663,731.543289325507,15833.4974403381
10538,10659,1845.80735803743,94829.6086158752
10400,10546,1473.38095116624,62192.1749610901
10550,10957,1070.95454429505,33970.94739151
10560,10835,1667.9393923934,80777.4730873108
10565,10679,1062.42640687119,28556.0983543396
10293,10572,3086.46752981725,272538.850254059
10603,10671,720,13461.67578125
10607,10663,1500.36579926459,66344.8179969788
10610,10715,846.396103067893,21134.0335884094
10565,10611,1301.54328932551,45873.5191383362
10617,10726,989.116882454314,27426.0087013245
10276,10655,4577.4220741123,595637.367710114
10659,10710,782.132034355964,16114.7516212463
10671,10715,574.264068711929,9798.65240859985
10678,10910,1110,31540.1448059082
10685,10979,1093.67532368147,34846.8462562561
10717,10720,1094.55844122716,31073.6850013733
10732,10799,1553.9696961967,64445.3000831604
10560,10742,1720.66017177982,84336.7444190979
10746,10921,1383.38095116624,55321.1627845764
10685,10750,1495.21861300698,66188.7003822327
10710,10776,866.98484809835,20075.8061256409
10626,10777,2697.35064736294,203808.433872223
10783,11013,2219.11688245431,126519.585483551
10799,10808,457.279220613579,5618.65484237671
10776,10834,1473.38095116624,62192.1749610901
10835,10881,634.264068711929,11801.8378944397
10838,10890,866.101730552664,22322.6055374146
10107,10848,7127.9393923934,1285946.82291031
10849,10875,487.279220613579,6342.41935348511
10710,10868,1064.55844122716,29444.0971412659
10870,11191,4286.83332908184,534240.250278473
10305,10878,6279.62553521762,1138039.99991226
10896,10977,1024.26406871193,28473.4987220764
10921,10927,763.675323681471,17700.0616836548
10933,10995,1186.69047558312,37865.4677467346
10936,10977,916.690475583121,23562.3492164612
10941,11550,471.837661840736,6680.25745010376
10969,11073,842.132034355964,18646.7443733215
10834,10971,2114.92424049175,129358.122959137
10978,11157,1870.66017177982,98400.1581764221
10979,11087,882.426406871193,19759.5256919861
11013,11094,883.675323681471,23223.4374427795
11035,11057,452.132034355964,5822.64860916138
11041,11154,2381.9090885901,165126.65329361
11046,11214,1909.70562748477,92191.572971344
11048,11154,948.822509939086,26356.1651954651
11052,11149,1286.10173055266,47411.2868690491
11057,11073,360,3503.08889770508
11087,11094,450,5362.73559570312
11092,11103,743.9696961967,16445.2758674622
11100,11224,1859.48268171891,102391.138553619
11112,11149,676.690475583121,13462.3650398254
11121,11202,1218.82250993909,41917.5246315002
11087,11129,1623.38095116624,74382.6019630432
10995,11150,2204.92424049175,139821.805942535
11157,11213,836.101730552664,20889.0356712341
11170,11584,1311.83766184074,45027.9814796448
11175,11202,896.98484809835,21415.3049354553
11191,11289,3032.49783362055,250446.665561676
11192,11239,729.411254969543,14822.0042915344
11214,11325,1687.27922061358,71976.8176307678
11215,11246,1053.38095116624,32960.2681922913
11216,11237,1058.52813742386,33102.5086250305
11192,11235,1414.26406871193,52370.6969947815
11236,11314,1250.95454429505,45598.1187171936
11246,11320,899.116882454314,23013.3850440979
11202,11256,973.675323681471,27993.8822212219
11263,11332,983.9696961967,27745.8607521057
11272,11352,1862.49783362055,101524.010349274
11276,11358,744.852813742386,14205.3341560364
11283,11354,936.396103067893,25539.293888092
11287,11349,1148.52813742386,38634.6530799866
11299,11389,1913.08657865101,103139.079624176
11263,11310,1338.82250993908,49814.1068458557
11325,11451,1011.83766184074,27501.0053443909
11216,11329,2441.02597104441,176249.60326004
11332,11380,751.248916810279,16892.1502952576
11338,11501,854.558441227157,19299.4547767639
11332,11346,2114.55844122716,113244.163639069
11359,11411,386.98484809835,4509.51266098022
11389,11504,1598.52813742386,71290.7284889221
11445,11573,1490.07142674936,65818.7086830139
11349,11456,1712.49783362056,86488.9323768616
11469,11526,434.558441227157,5536.13076400757
11482,11573,672.426406871193,11548.217754364
11411,11483,856.690475583121,20807.6045570374
11504,11638,1119.41125496954,32961.901096344
10941,11513,3096.39610306789,244764.958652496
11525,11756,2344.62986797652,158944.241611481
11469,11543,931.248916810279,25606.2641181946
11552,11610,1160.95454429505,39619.1432533264
11556,11638,872.132034355964,19857.6615943909
11566,11620,512.132034355964,7288.96727371216
11593,11620,858.822509939086,21838.0592079163
11352,11604,2592.79220613578,184250.623325348
11605,11834,2152.20346110533,134928.804904938
11616,11963,1547.9393923934,70178.6701698303
11623,11764,1486.69047558312,58015.2360877991
11526,11630,919.705627484771,21833.324344635
11635,11736,766.690475583121,16967.5473365784
11566,11657,1476.39610306789,59030.0528907776
11671,11730,1421.54328932551,54082.5432472229
11684,11792,1853.08657865101,97258.8197364807
11721,11854,1023.38095116624,31132.3439369202
11745,11976,1016.98484809835,27196.9784889221
11751,11808,1043.9696961967,30935.9336891174
11756,11795,926.101730552664,25504.0459632874
11764,11805,1486.69047558312,58015.2360877991
11768,11774,512.132034355964,7288.96727371216
11776,11966,1306.69047558312,45385.3752479553
11782,11892,1537.27922061358,59829.6136512756
11451,11797,3283.67532368147,276374.514194489
11774,11798,1112.13203435596,31842.7752113342
11768,11799,694.264068711929,13948.6394233704
11834,11963,1324.26406871193,46186.7009010315
11859,12008,1059.41125496954,29673.7850074768
11756,11863,2224.62986797652,144013.783481598
11865,11871,1078.23376490863,34536.2421646118
11868,12042,3161.02597104441,289250.476596832
11892,12072,1191.83766184074,37477.1910438538
11898,12065,1090.66017177982,35425.274684906
11865,11904,1455.80735803743,61177.0678138733
11799,11918,1779.77705423413,93663.091053009
11947,12080,1272.42640687119,40870.1269798279
11956,12058,876.396103067893,22553.0999946594
11898,11960,1592.13203435596,64453.0009803772
11963,11980,454.264068711929,6236.0291557312
11966,12019,908.528137423857,24560.2559890747
11971,12019,793.675323681471,18829.4566612244
11976,12014,696.396103067893,14467.9393234253
11994,12075,916.690475583121,23562.3492164612
11808,12005,3539.4826817189,342565.940097809
12008,12103,836.98484809835,18794.4681129456
12043,12153,1503.38095116624,64563.091342926
12065,12121,1011.83766184074,27501.0053443909
11980,12068,1068.82250993909,32906.2562599182
12080,12114,1022.13203435596,27019.8650550842
12086,12111,787.279220613579,16001.0191688538
12089,12172,626.98484809835,11042.5383491516
12114,12162,920.95454429505,25310.1843528748
12122,12238,1250.95454429505,45598.1187171936
12014,12141,1122.42640687119,31848.2892723083
12089,12145,803.9696961967,19049.4214668274
12153,12204,632.132034355964,10752.5480232239
12162,12201,866.101730552664,22322.6055374146
12165,12209,1174.26406871193,36759.9990577698
12114,12168,1019.11688245431,28966.0826759338
11904,12171,1958.52813742385,103544.222202301
11513,12191,5924.55844122716,880232.26166153
12195,12197,714.852813742386,13105.4518318176
12203,12261,1447.64501987817,62137.3262367249
12206,12207,402.426406871193,4221.99825668335
11736,12208,5161.61471607487,703076.740390778
12204,12209,1109.11688245431,33792.218662262
12072,12219,2815.58441227157,234017.136112213
12221,12259,1727.9393923934,86286.4309425354
12204,12225,893.9696961967,23231.5660743713
12227,12235,556.690475583121,9275.0093421936
12228,12241,3868.23376490863,385335.748447418
12229,12257,768.822509939086,17620.5237159729
12230,12309,943.675323681471,26372.4215431213
12233,12354,1869.41125496954,89254.7621498108
12145,12241,2012.13203435596,102436.948551178
12168,12250,1129.70562748477,32664.5855751038
12256,12257,769.705627484771,15450.5908851624
12206,12259,1196.10173055266,41442.520450592
12261,12305,1230.36579926459,45419.644203186
12262,12288,1264.26406871193,42284.026096344
12268,12372,1316.98484809835,44801.1624183655
12209,12272,1911.83766184073,93581.9322853088
12275,12289,784.264068711929,17459.9345436096
12280,12293,450,5362.73559570312
11868,12302,3362.86363288514,330506.461460114
12304,12311,504.852813742386,6647.45351028442
12305,12371,1208.52813742386,42501.5238685608
12256,12306,990,25160.6158752441
12268,12322,1982.13203435596,99440.3167762756
12330,12350,739.705627484771,14306.3269081116
12335,12375,2085.80735803743,118617.054416656
12336,12351,552.426406871193,7843.83591842651
12345,12378,466.690475583121,6729.75818634033
12259,12346,2008.23376490863,111409.321811676
12347,12371,2850.36579926459,218397.633213043
12289,12352,1040.95454429505,32152.8239326477
12353,12366,854.558441227157,19299.4547767639
12336,12366,814.264068711929,18714.4282875061
12372,12422,1091.54328932551,33229.4215126038
12375,12399,793.675323681471,18829.4566612244
12375,12376,1348.23376490863,53245.5179786682
12384,12417,752.132034355964,14945.1048316956
12387,12399,1098.82250993909,34641.2427101135
12389,12479,711.837661840736,14414.7271003723
12392,12443,534.852813742386,7437.04141616821
12309,12393,1371.83766184073,49073.3765602112
12398,12419,937.279220613579,22512.4144325256
12403,12773,6488.52813742385,1061678.99161148
12405,12437,487.279220613579,6342.41935348511
12419,12457,709.705627484771,13211.5916786194
12371,12426,1864.62986797652,102802.226184845
12353,12438,1269.41125496954,41973.6027259827
12440,12478,1232.13203435596,38915.3317909241
12443,12456,489.411254969543,7111.38271713257
12445,12478,636.396103067893,12357.6620864868
12446,13703,3981.83766184073,399262.663913727
12461,12512,1345.21861300698,53779.8909263611
12472,12484,2164.26406871193,119724.142856598
12457,12473,739.705627484771,14306.3269081116
12484,12518,1054.26406871193,30034.6502723694
12457,12492,920.95454429505,25310.1843528748
12495,12561,780,15751.440246582
12456,12497,896.101730552664,23896.6575965881
12417,12499,1246.69047558312,41535.4214515686
12497,12512,1355.51298552221,54331.3768806458
12513,12544,1093.67532368147,34846.8462562561
12302,12517,4383.74675043083,525136.292392731
12521,12612,2636.10173055266,181077.586277008
12478,12529,942.426406871193,22511.7166099548
12389,12533,1537.64501987817,69992.3521156311
12552,12564,1134.85281374239,32631.7426643372
12570,12590,623.9696961967,11684.2147331238
12580,12612,1834.62986797652,99599.6561927795
12588,12695,3075.29003975634,278730.113956451
12529,12596,1200,36819.791229248
12598,12699,1835.5129855222,96073.3932228088
12561,12609,1403.08657865101,57856.1170082092
12590,12612,923.9696961967,24702.3858070374
12621,12634,636.396103067893,12357.6620864868
12623,12849,1337.9393923934,53072.7758674622
12630,12717,1376.10173055266,53714.234287262
12641,12745,981.837661840736,25992.9035682678
12648,12695,2641.61471607487,202669.934360504
12641,12658,1090.66017177982,35425.274684906
12677,12986,6644.77272147524,1261703.61075211
12679,12727,517.279220613579,7100.37480545044
12690,13043,8157.93072687561,1951439.05289078
12712,13145,1506.39610306789,61295.3524513245
12717,12740,1031.54328932551,29951.4026222229
12725,12731,4736.98484809835,563548.86523819
12730,12769,1116.39610306789,35342.5297279358
12731,12800,1797.35064736294,95291.6716346741
12740,12762,786.396103067893,18364.5123176575
12748,12790,803.9696961967,19049.4214668274
12754,13052,2407.27922061358,145917.455448151
12769,12825,926.101730552664,25504.0459632874
12771,12838,1114.26406871193,33307.3248939514
12754,12773,2694.85281374239,182377.965076447
12790,12810,724.264068711929,15086.9711341858
12795,12819,1403.9696961967,53299.7778663635
12796,12891,1087.27922061358,30159.6188697815
12799,12910,1754.92424049175,90843.8460121155
12808,12855,1098.82250993909,34641.2427101135
12811,12865,2240.95454429505,133977.907260895
12819,12899,1366.69047558312,49415.3288612366
12745,12826,1864.62986797652,102802.226184845
12695,12836,3611.391770309,385245.944705963
12796,12837,1159.70562748477,34389.3206214905
12825,12838,1082.13203435596,30196.1432533264
12839,13048,2311.61471607487,157271.695987701
12838,12844,1239.41125496954,40078.1328163147
12849,12886,804.852813742386,16544.8042488098
12891,12929,637.279220613579,10603.8147773743
12910,12966,1158.82250993909,38204.7466773987
12929,12960,624.852813742386,10066.393787384
12936,12941,1649.11688245431,71199.0215187073
12826,12938,1892.13203435596,90684.3919715881
12941,12984,672.426406871193,11548.217754364
12886,12945,1180.66017177982,41382.0841407776
12948,12982,674.558441227157,12359.3640785217
12955,13015,2019.77705423413,119348.468997955
12966,12981,526.690475583121,8310.32976531982
12970,13048,1850.07142674936,99942.9910926819
12986,13008,1490.95454429505,63166.0176124573
13009,13056,858.822509939086,21838.0592079163
13015,13080,904.264068711929,22660.2615394592
13016,13056,1811.54328932551,85736.7907447815
12984,13022,1154.55844122716,34467.2422828674
13025,13167,1145.51298552221,39423.7118911743
13043,13051,1194.85281374239,36141.2125740051
13046,13630,2775.80735803743,202705.467075348
13048,13051,709.705627484771,13211.5916786194
13054,13245,1719.77705423413,87589.2736701965
12981,13069,2711.02597104441,216143.283115387
13073,13093,512.132034355964,7288.96727371216
13096,13184,1226.10173055266,43395.1179847717
13103,13176,1890.36579926459,102448.110385895
13107,13176,1054.26406871193,30034.6502723694
13118,13162,612.426406871193,9606.0267906189
13080,13125,2464.26406871193,154537.514499664
13022,13131,2767.64501987817,209792.288852692
13093,13145,630,10342.029083252
13051,13174,1848.82250993908,90643.3247413635
13182,13255,1093.67532368147,34846.8462562561
13145,13200,757.279220613579,14827.254611969
13216,13261,711.837661840736,14414.7271003723
13231,13261,962.132034355964,24023.5867652893
13260,13300,863.9696961967,21796.0669288635
13282,13348,1218.82250993909,41917.5246315002
13052,13298,4749.62553521762,664566.965213776
13300,13305,369.411254969543,4148.3325843811
13255,13306,1882.20346110533,104518.675113678
13312,13345,1409.11688245431,52770.0903663635
13345,13373,664.264068711929,12860.2012367249
13348,13398,706.690475583121,14581.3076667786
13352,13373,1548.82250993908,65061.5762062073
13357,13395,853.675323681471,21700.1994667053
13363,13371,1369.70562748477,47740.5817604065
13365,13426,1343.9696961967,49159.399936676
13371,13397,619.705627484771,10188.3286323547
13345,13376,1273.67532368147,46236.5434303284
13371,13377,714.852813742386,13105.4518318176
13426,13486,806.98484809835,17544.9693946838
13431,13510,1510.66017177982,66223.2041053772
13433,13584,2789.4826817189,221032.032627106
13162,13442,4701.83766184073,555807.408908844
13443,13598,1313.08657865101,50973.9720954895
13463,13590,1464.85281374239,54158.9754524231
13465,16023,294.852813742386,2404.25375747681
13426,13485,806.101730552664,19682.6224136353
13489,13588,1006.69047558312,27947.3332252502
13510,13619,1268.52813742386,46534.2316017151
13352,13521,1924.26406871193,95113.4451026917
13630,13805,1502.49783362056,66900.828956604
13485,13650,1008.82250993909,29562.4840736389
13657,13892,3926.83332908184,452154.883152008
13598,13667,1955.5129855222,107993.725925446
13695,13715,1472.13203435596,55220.4445838928
13703,13789,3224.04112294606,294632.084629059
13715,13736,1264.26406871193,42284.026096344
13727,13809,1460.95454429505,60835.0746803284
13729,13830,959.116882454314,25909.6941261292
13789,13867,851.543289325507,21041.3141517639
13845,13963,1338.82250993908,49814.1068458557
13855,13964,1516.69047558312,60276.9557533264
13892,13994,2225.5129855222,136965.329319
13463,13904,5375.72726577029,853238.257930756
13923,14001,1169.11688245431,37222.3804969788
13619,13938,3889.70562748477,379918.551364899
13963,14017,856.690475583121,20807.6045570374
13973,14005,602.132034355964,9826.00166702271
13809,13991,2054.55844122716,106970.606082916
13994,14057,784.264068711929,17459.9345436096
14038,14063,3046.69047558312,235334.029666901
14041,14231,3074.55844122716,238101.087833405
14042,14083,752.132034355964,14945.1048316956
14046,14101,759.411254969543,15943.8310585022
14060,14554,1190.95454429505,41578.7770729065
13991,14072,2907.35064736294,233907.78445816
14001,14078,1654.62986797652,81763.2678604126
14091,14216,1586.98484809835,64485.8475379944
14104,14301,2029.70562748477,104049.571018219
14163,14231,976.690475583121,26448.288974762
14165,14305,1277.9393923934,48462.5410804749
14216,14227,559.705627484771,8399.32942581177
14078,14250,3349.55410846826,331407.240222931
14251,14270,404.558441227157,4852.53804397583
14216,14261,1460.95454429505,60835.0746803284
14251,14286,623.9696961967,11684.2147331238
14370,14372,626.98484809835,11042.5383491516
14227,14405,2607.35064736294,191461.41324234
14431,14828,3100.66017177982,252134.97586441
14441,14660,3559.18830920367,351201.643222809
14372,14442,801.837661840736,17917.405216217
14467,14498,1739.11688245431,78861.7226295471
14498,14649,1539.41125496954,61018.7125282288
14405,14512,3104.04112294606,274636.415195465
14540,14596,1293.38095116624,48784.4138832092
14554,14620,792.426406871193,15972.5997276306
14571,14651,1140,33270.0269470215
14573,14610,662.132034355964,11742.1948127747
14596,14632,547.279220613579,7914.13931655884
14604,14651,1487.9393923934,65111.7993812561
14609,14781,1923.38095116624,101548.182834625
14641,14790,1520.95454429505,65533.4205055237
14647,14714,1117.27922061358,31817.5742530823
14649,14790,1150.66017177982,39317.6665077209
14660,14740,1563.38095116624,69396.960849762
14442,14673,3459.41125496954,301598.425357819
14632,14674,912.426406871193,21116.9815635681
14699,14780,744.852813742386,14205.3341560364
14705,14790,823.675323681471,20208.6590042114
14712,14736,1286.98484809835,42831.6638832092
14719,14905,2299.18830920368,155404.976200104
14720,14932,6140.80302527854,1068162.76700211
14604,14755,2336.46752981725,161003.149784088
14761,14905,1390.66017177982,56677.2443580627
14781,14784,432.426406871193,4859.45412826538
14809,14964,1502.13203435596,57470.0911903381
14780,14820,2311.24891681028,139445.031833649
14828,14892,1394.55844122716,49841.472782135
14844,14917,589.705627484771,9273.59349441528
14875,14988,749.116882454314,16422.057056427
14882,14890,624.852813742386,10066.393787384
14882,14898,810,16941.322479248
14913,14964,1058.52813742386,33102.5086250305
14915,14999,846.396103067893,21134.0335884094
14920,14970,612.426406871193,9606.0267906189
14915,14923,1422.79220613578,60002.332447052
14932,15109,1847.9393923934,97768.7826881409
14975,15102,1482.79220613578,65009.6016731262
15020,15089,1355.51298552221,54331.3768806458
15076,15179,1173.38095116624,40593.8688850403
15085,15218,1774.62986797652,93280.0826454163
15089,15153,1348.23376490863,53245.5179786682
14988,15091,1182.42640687119,35320.4800071716
15092,15178,1182.42640687119,35320.4800071716
14913,15127,1313.08657865101,50973.9720954895
15139,15310,1601.54328932551,67746.0793190002
15153,15227,1220.95454429505,43562.9352760315
14913,15155,1654.62986797652,81763.2678604126
15165,15262,1484.55844122716,56349.000125885
15179,15192,621.837661840736,11232.9405250549
15180,15199,803.9696961967,19049.4214668274
15181,15286,1923.38095116624,101548.182834625
15155,15209,3652.20346110532,358958.916416168
15218,15287,768.822509939086,17620.5237159729
15226,15257,1064.55844122716,29444.0971412659
15227,15279,1040.95454429505,32152.8239326477
15233,15287,616.690475583121,11293.6248664856
15244,15453,1028.52813742386,31331.0480995178
15180,15257,1001.54328932551,28374.8578224182
15227,15262,1353.38095116624,53117.1222267151
15091,15281,2607.35064736294,191461.41324234
15305,16785,1461.83766184073,55476.0652198792
15310,15371,716.98484809835,14098.4138832092
15244,15328,1215.80735803744,43587.6057624817
15350,15369,864.852813742386,19064.2743415833
15279,15351,1568.52813742386,68853.2355079651
15369,15401,833.9696961967,20407.8914070129
15381,15474,1625.51298552221,76639.9050331116
15382,15453,1245.80735803744,45664.1655311584
15399,15461,1214.55844122716,38040.7999305725
15369,15406,1501.24891681028,62047.7736549377
15414,15606,1408.23376490863,57789.2901649475
15440,15537,916.690475583121,23562.3492164612
15453,15530,886.690475583121,22168.1591529846
15455,15461,1736.10173055266,82284.7471656799
15351,15524,1943.08657865101,106138.897983551
15531,15562,544.264068711929,8840.94507217407
15532,15612,888.822509939086,23309.5198860168
15564,15663,1213.67532368147,42279.6460609436
15572,15643,539.116882454314,8747.98983383179
15590,15731,2549.4826817189,60499.8878822327
15591,15669,704.558441227157,13402.7516212463
15600,15606,1152.42640687119,33565.7451438904
15562,15611,848.528137423857,21786.8062210083
15627,15682,1108.23376490863,36484.8123512268
15642,15674,814.264068711929,18714.4282875061
15591,15661,1586.10173055266,69746.1210670471
15663,15675,879.411254969543,20889.4369239807
15679,15682,659.116882454314,12909.8322944641
15697,15769,1324.26406871193,46186.7009010315
15700,15905,1244.55844122716,39894.7697181702
15719,15753,1003.67532368147,29652.3520088196
15474,15723,2634.85281374239,174368.494983673
15731,15752,1082.13203435596,30196.1432533264
15752,15780,446.98484809835,5920.26056289673
15661,15756,1592.13203435596,64453.0009803772
15758,16240,4052.49783362055,431458.998935699
15769,15851,1018.23376490863,31233.0865859985
15756,15770,2157.35064736294,134706.587619781
15756,15806,9113.08657865101,2090836.84903336
15818,16070,2336.98484809835,138315.387943268
15825,15912,752.132034355964,14945.1048316956
15839,15914,877.279220613579,19770.6944923401
15851,15889,744.852813742386,14205.3341560364
15780,15853,956.101730552664,27132.4560432434
15876,15956,1053.38095116624,32960.2681922913
15879,15954,1333.67532368147,50321.1635475159
15853,15881,1068.82250993909,32906.2562599182
15889,15901,469.705627484771,6059.33810806274
15881,15895,1182.42640687119,35320.4800071716
15905,16107,1191.83766184074,37477.1910438538
15914,16014,806.98484809835,17544.9693946838
15920,15954,1051.24891681028,32145.6826210022
15851,15957,913.675323681471,24788.9556770325
15966,15976,699.411254969543,13732.4068031311
15976,16016,909.411254969543,22244.9071083069
15954,16017,1820.95454429505,91199.4130592346
16065,16070,614.558441227157,10412.138507843
16067,16245,2090.07142674936,125599.629184723
16016,16089,1313.9696961967,47162.9770851135
16014,16091,1406.10173055266,55894.9899635315
16099,16349,2842.20346110532,226252.019931793
16107,16205,964.264068711929,25477.202091217
16108,16131,714.852813742386,13105.4518318176
15881,16146,2208.82250993908,127281.42294693
16149,16252,629.116882454314,11800.1722145081
16149,16190,794.558441227157,16812.3234901428
16215,16247,699.411254969543,13732.4068031311
16089,16225,1521.83766184073,59971.4603004456
16240,16400,459.411254969543,6305.82597732544
16245,16398,1711.24891681028,78908.7430152893
16065,16254,1306.69047558312,45385.3752479553
16288,16313,942.426406871193,22511.7166099548
16294,16367,919.705627484771,21833.324344635
16298,16487,1436.10173055266,58112.4853248596
16298,16303,2081.54328932551,112102.175205231
16308,16472,3164.04112294606,284549.772373199
16247,16313,956.98484809835,24216.1417579651
16252,16319,1027.27922061358,26967.8989295959
16091,16329,1990.66017177982,110304.56961441
16332,16340,864.852813742386,19064.2743415833
16333,16436,1014.85281374239,26152.8022956848
16349,16525,2618.01081914276,202828.619258881
16367,16462,893.9696961967,23231.5660743713
16374,16389,572.132034355964,8927.65202713013
16332,16383,1273.67532368147,46236.5434303284
16398,16431,1561.24891681028,66603.2379493713
16411,16487,806.98484809835,17544.9693946838
16424,16431,1179.41125496954,36430.0168190002
16447,16579,834.852813742386,17784.3920173645
16460,16468,1117.27922061358,31817.5742530823
16462,16527,776.98484809835,16353.6312904358
16472,16612,1947.35064736294,111076.74930191
16498,16537,526.690475583121,8310.32976531982
16499,16744,1381.24891681028,53214.9293556213
16502,16579,702.426406871193,12582.9529380798
16424,16522,2004.85281374239,101134.206287384
16526,16610,936.396103067893,25539.293888092
16411,16549,1057.27922061358,28535.8541297913
16553,16565,724.264068711929,15086.9711341858
16522,16555,2275.21861300698,145676.965549469
16468,16568,2064.85281374239,107253.676197052
16537,16570,586.690475583121,10273.0250740051
16400,16598,2492.49783362055,174710.133213043
16656,16734,1040.95454429505,32152.8239326477
16579,16661,789.411254969543,17115.4064979553
16665,16818,972.426406871193,23959.1724815369
16679,16769,487.279220613579,6342.41935348511
16685,16785,956.98484809835,24216.1417579651
16708,16910,2110.66017177982,122816.84305191
16734,16804,702.426406871193,12582.9529380798
16744,16785,1008.82250993909,29562.4840736389
16752,16871,1371.83766184073,49073.3765602112
16784,17130,3094.26406871193,242285.581272125
16803,16804,492.426406871193,6261.64500045776
16808,17106,2099.4826817189,129640.227176666
16835,17128,2973.74675043083,256208.931003571
16842,16846,666.396103067893,13319.5294456482
16871,16946,948.822509939086,26356.1651954651
16873,16980,744.852813742386,14205.3341560364
16886,17172,1655.51298552221,79308.8150978088
16910,16970,1166.10173055266,39527.3602027893
16916,16967,602.132034355964,9826.00166702271
16927,16963,849.411254969543,19587.1674537659
16946,17014,591.837661840736,10262.8071632385
16961,16992,969.411254969543,25083.0231971741
16972,17017,888.822509939086,23309.5198860168
16977,17035,1199.11688245431,39016.62707901
17010,17091,929.116882454314,24448.7979469299
17014,17035,667.279220613579,11597.579334259
17072,17464,3360.73159852918,327241.867832184
17094,17150,708.822509939086,15044.7035484314
17035,17106,961.248916810279,27175.3300666809
17117,17792,1769.11688245431,81493.4870948792
17128,17189,1326.39610306789,48487.7177467346
17130,17214,2368.23376490863,150939.214878082
17172,17287,1188.82250993909,40052.097202301
17179,17270,1181.54328932551,38395.6045265198
17186,17718,1346.10173055266,51583.243686676
17187,17190,877.279220613579,19770.6944923401
17189,17262,801.837661840736,17917.405216217
17196,17482,2498.52813742385,163893.423007965
17214,17282,654.852813742386,11035.9816474915
17106,17227,1545.80735803743,68380.0969581604
17190,17251,899.116882454314,23013.3850440979
17270,17356,1064.55844122716,29444.0971412659
17262,17356,916.690475583121,23562.3492164612
17287,17398,1557.35064736294,71984.1160850525
17400,17797,1846.69047558312,88134.9577674866
17433,17615,1194.85281374239,36141.2125740051
17187,17481,3242.86363288514,308376.001499176
17482,17759,2322.79220613578,150577.304721832
17227,17572,2478.82250993908,159010.674472809
17615,17679,561.837661840736,9310.03136062622
17663,17802,847.279220613579,18472.739200592
17731,17799,1035.80735803744,31874.3276443481
17756,17895,847.279220613579,18472.739200592
17759,17832,786.396103067893,18364.5123176575
17718,17797,1478.52813742386,61763.910068512
17799,17912,810,16941.322479248
17834,17978,980.95454429505,28612.7298316956
17841,17912,859.705627484771,19144.3252296448
17834,17854,1086.39610306789,33619.0973854065
17887,17895,1210.66017177982,43466.3520698547
17917,18015,1039.70562748477,27751.3225746155
17912,17947,847.279220613579,18472.739200592
17961,18057,848.528137423857,21786.8062210083
17978,17991,792.426406871193,15972.5997276306
18006,18101,653.9696961967,12778.2569351196
18007,18095,1712.49783362056,86488.9323768616
18014,18105,914.558441227157,21973.012424469
18015,18024,924.852813742386,21763.7444343567
18006,18024,762.426406871193,14795.1439476013
18027,18124,1907.9393923934,103727.896945953
17792,18037,2256.39610306789,132077.969150543
18057,18078,874.264068711929,21305.088809967
18077,18169,1597.27922061358,64551.3334999084
18078,18188,422.132034355964,5146.81377792358
18024,18094,1297.27922061358,42742.7342567444
18015,18095,1273.67532368147,46236.5434303284
18105,18124,902.132034355964,21207.3084754944
18124,18196,651.837661840736,12261.9700202942
18136,18390,937.279220613579,22512.4144325256
18139,18169,1212.42640687119,37127.9360618591
18158,18307,1189.70562748477,36163.5845069885
18169,18172,732.426406871193,13670.4088096619
18078,18173,942.426406871193,22511.7166099548
18196,18243,799.705627484771,16635.3261146545
18244,18252,1096.69047558312,32697.9478187561
18188,18252,724.264068711929,15086.9711341858
18254,18705,1520.95454429505,65533.4205055237
18095,18255,1689.77705423413,84593.290348053
18260,18302,524.558441227157,7816.66182327271
18264,18295,793.675323681471,18829.4566612244
18282,18376,968.528137423857,27879.7211647034
18317,18492,1310.95454429505,49765.876499176
18318,18635,2773.67532368147,198975.222080231
18252,18324,876.396103067893,22553.0999946594
18244,18353,1099.70562748477,30980.3216896057
18255,18391,1877.9393923934,100726.907932281
18307,18397,2174.04112294606,139798.837406158
18302,18398,811.248916810279,19604.8494300842
18437,18616,1626.39610306789,70721.2521095276
18440,18480,522.426406871193,7026.38004684448
18449,18518,956.98484809835,24216.1417579651
18503,18581,1080,29900.2626647949
18514,18521,804.852813742386,16544.8042488098
18549,18590,773.9696961967,17727.9607887268
18559,18700,874.264068711929,21305.088809967
18562,18581,866.98484809835,20075.8061256409
18563,18627,574.264068711929,9798.65240859985
18559,18564,872.132034355964,19857.6615943909
18569,18590,1212.42640687119,37127.9360618591
18582,18782,1049.11688245431,30536.2990760803
18592,18705,963.380951166243,27671.7547874451
18616,18721,732.426406871193,13670.4088096619
18631,18871,1365.80735803743,54308.3010902405
18635,18799,1071.83766184074,30646.4004249573
18549,18642,1400.95454429505,56306.7610816956
18713,19135,2063.9696961967,110739.482395172
18718,18776,853.675323681471,21700.1994667053
18136,18727,1744.62986797652,90149.2628822327
18743,18820,624.852813742386,10066.393787384
18750,18928,1812.79220613578,95166.3775367737
18782,18894,883.675323681471,23223.4374427795
18787,18817,1010.95454429505,30372.4613380432
18627,18795,1269.41125496954,41973.6027259827
18821,18931,992.132034355964,25490.2182655334
18838,18993,1542.42640687119,59933.6245994568
18569,18855,1679.11688245431,73714.4898414612
18859,19176,864.852813742386,19064.2743415833
18871,18918,823.675323681471,20208.6590042114
18880,19105,757.279220613579,14827.254611969
18881,19141,1376.10173055266,53714.234287262
18894,18926,1292.13203435596,42721.6099891663
18928,18985,842.132034355964,18571.0300941467
18931,18966,636.396103067893,12357.6620864868
18983,19082,709.705627484771,13211.5916786194
18993,19186,1349.11688245431,48612.8575782776
18743,18996,1316.10173055266,49480.1969337463
19017,19092,619.705627484771,10188.3286323547
19025,19135,1748.52813742386,84028.6401100159
19027,19141,913.675323681471,24788.9556770325
18817,19064,1626.39610306789,70721.2521095276
18931,19068,1378.23376490863,55546.2873573303
19089,19627,1540.66017177982,68696.3540077209
18983,19091,1116.39610306789,35342.5297279358
19124,20052,501.837661840736,7525.93011856079
19135,19186,902.132034355964,21207.3084754944
19136,19442,1244.55844122716,39894.7697181702
19141,19198,752.132034355964,14945.1048316956
19147,19254,1574.92424049175,73504.6287879944
19159,19254,1420.66017177982,59012.4277992249
19185,19292,1435.21861300698,61078.4993934631
19186,19197,1062.42640687119,28556.0983543396
19222,19289,961.248916810279,27175.3300666809
19230,19420,1076.98484809835,30357.8152198792
19247,19293,499.705627484771,6791.11839675903
19254,19362,966.396103067893,27073.452091217
19260,19278,812.132034355964,17311.3832130432
19286,19362,891.837661840736,21754.5074501038
19289,19356,784.264068711929,17459.9345436096
19292,19387,607.279220613579,9665.85934829712
19300,19326,890.95454429505,23981.4990615845
19328,19460,962.132034355964,24044.0718727112
19355,19356,632.132034355964,10752.5480232239
19385,19516,649.705627484771,11152.5926551819
19387,19399,877.279220613579,19770.6944923401
19412,19460,564.852813742386,8266.9236946106
19413,19420,1082.13203435596,30196.1432533264
19420,19505,686.98484809835,13031.1050758362
19425,19474,933.380951166243,26297.8142166138
19385,19427,762.426406871193,14795.1439476013
19442,19446,642.426406871193,10550.7619743347
19446,19518,664.264068711929,12865.8686256409
19412,19465,1022.13203435596,27019.8650550842
19362,19472,882.426406871193,19759.5256919861
19484,19543,1202.13203435596,37088.7000160217
19487,19539,727.279220613579,13709.2991371155
19492,19733,1087.27922061358,30159.6188697815
19493,19518,612.426406871193,9606.0267906189
18713,19500,2278.59956417322,153748.481624603
19493,19502,1335.80735803743,52093.1416053772
19532,19543,979.705627484771,24702.3234596252
19516,19537,836.98484809835,18794.4681129456
19539,19577,424.264068711929,5595.725440979
19546,19664,1086.39610306789,33619.0973854065
19575,19597,1068.82250993909,32906.2562599182
19626,19761,894.852813742386,20393.8621101379
19627,19743,1526.10173055266,64980.0332984924
19631,19988,1577.9393923934,72776.3916053772
19658,19994,1602.42640687119,64665.8153343201
19660,19755,981.837661840736,25992.9035682678
19664,19755,734.558441227157,14492.3396644592
19577,19666,579.411254969543,9726.56453323364
19692,19804,1169.11688245431,37222.3804969788
19666,19719,849.411254969543,19587.1674537659
19484,19721,1200,36819.791229248
19743,19928,1179.41125496954,36430.0168190002
19575,19756,2494.62986797652,178428.752719879
19757,19997,1367.9393923934,55408.1944007874
19760,19935,1272.42640687119,40870.1269798279
19781,19860,632.132034355964,10752.5480232239
19794,19958,736.690475583121,15757.5968971252
19755,19797,1128.82250993909,36395.169467926
19808,19975,896.101730552664,23896.6575965881
19814,19823,499.705627484771,6791.11839675903
19743,19837,1394.55844122716,49841.472782135
19755,19839,1082.13203435596,30196.1432533264
19863,20045,2134.26406871193,116482.790439606
19837,19879,1613.9696961967,69217.0914039612
19719,19890,1746.39610306789,80879.3931007385
19917,19988,934.264068711929,24038.7606544495
19924,20167,1987.27922061358,99635.4168739319
19928,19975,653.9696961967,12778.2569351196
19935,19958,569.116882454314,9699.45223236084
19979,19993,1791.83766184073,82431.142124176
19958,19993,683.9696961967,13965.1113471985
19808,19996,1043.9696961967,30938.5001564026
19997,20059,1204.26406871193,38561.3516578674
20005,20035,662.132034355964,11742.1948127747
20006,20052,889.705627484771,20468.5892066956
20034,20035,1076.10173055266,33998.3845863342
20038,20089,641.543289325507,12294.025302887
20041,20159,1520.95454429505,65533.4205055237
19860,20048,3145.58441227157,289748.317111969
20059,20089,1071.83766184074,30646.4004249573
20092,20106,1046.98484809835,28748.3165016174
20097,20269,2312.13203435596,134968.340457916
20089,20106,803.9696961967,19049.4214668274
20120,20157,1571.54328932551,65358.742893219
20120,20126,1742.13203435596,77015.2039833069
20153,20201,798.822509939086,18991.4185523987
20159,20190,858.822509939086,21838.0592079163
20167,20211,817.279220613579,17208.9745521545
20092,20189,1880.07142674936,103016.140995026
20195,20275,936.396103067893,25539.293888092
20211,20272,612.426406871193,9606.0267906189
20240,20372,1321.24891681028,49051.7223854065
20241,20290,1031.54328932551,29951.4026222229
20195,20258,1060.66017177982,33852.043800354
20265,20380,1565.51298552221,71423.7363014221
20269,20274,1751.54328932551,80372.2787818909
20241,20306,1796.10173055266,87597.542514801
20322,20437,2076.76190233248,127498.622974396
20336,20372,1230.36579926459,45419.644203186
20337,20388,776.98484809835,16353.6312904358
20258,20340,1204.26406871193,38561.3516578674
20368,20412,1068.82250993909,32906.2562599182
20371,20397,584.558441227157,9507.15434646606
20380,20437,1090.66017177982,35425.274684906
20368,20381,1815.80735803743,91996.5772438049
20395,20488,803.9696961967,19049.4214668274
20336,20398,1514.92424049175,68137.6210289001
20412,20453,932.132034355964,22583.9398841858
20417,20588,1358.52813742386,52845.173740387
20430,20564,2125.21861300698,128453.620029449
20437,20505,1016.10173055266,30502.7584114075
20443,20641,866.101730552664,22322.6055374146
20388,20450,937.279220613579,22512.4144325256
20437,20463,1320.36579926459,51719.6596107483
20490,20575,1029.41125496954,28101.1391944885
20492,20564,1580.95454429505,70365.1960792542
20505,20548,684.852813742386,12045.8638801575
20453,20514,1035.80735803744,31874.3276443481
20520,20607,1268.52813742386,46534.2316017151
20521,20529,833.9696961967,20407.8914070129
20492,20541,1641.83766184073,69502.2504615784
20554,20607,1083.38095116624,34829.6917610168
20564,20603,729.411254969543,14842.3661994934
20580,20588,552.426406871193,7843.83591842651
20603,20608,582.426406871193,8698.5711479187
20618,20637,556.690475583121,9275.0093421936
20618,20620,660,11351.911315918
20624,20709,1622.13203435596,66882.6475868225
20575,20642,1362.42640687119,46817.0523948669
20645,20657,662.132034355964,11742.1948127747
20637,20658,901.248916810279,24053.694278717
20661,20693,939.411254969543,23637.5530128479
20664,20670,649.705627484771,11152.5926551819
20670,20686,591.837661840736,10262.8071632385
20676,20694,1638.82250993908,72261.7778053284
20679,20693,577.279220613579,8762.09483718872
20694,20726,1076.98484809835,30357.8152198792
20702,20707,973.675323681471,27993.8822212219
20707,20742,811.248916810279,19604.8494300842
20707,20709,1096.69047558312,32697.9478187561
20723,20761,1333.67532368147,50321.1635475159
20727,20744,798.822509939086,18991.4185523987
20727,20734,1300.66017177982,49906.892414093
20737,20757,853.675323681471,21700.1994667053
20738,20804,1496.98484809835,57523.6726112366
20742,20750,572.132034355964,8927.65202713013
20754,20801,1376.10173055266,53714.234287262
20759,20780,1311.83766184074,45027.9814796448
20744,20760,1049.11688245431,30536.2990760803
20761,20785,1040.95454429505,32152.8239326477
20726,20765,1169.11688245431,37222.3804969788
20779,20785,1431.83766184073,53298.7716407776
20780,20799,536.98484809835,8317.75932693481
20757,20787,1121.54328932551,34916.874912262
20801,20819,998.528137423857,29597.191608429
20804,20805,1062.42640687119,28556.0983543396
20818,20830,869.116882454314,21612.8706092834
20820,20831,844.264068711929,19994.3931312561
20823,20828,1275.80735803744,47773.7991981506
20828,20831,672.426406871193,11548.217754364
20785,20836,1865.5129855222,99004.9617652893
20805,20843,1996.69047558312,102596.584659576
20846,20847,1038.82250993909,31208.5351295471
20847,20855,1019.11688245431,28966.0826759338
20852,20855,1136.10173055266,37642.1767616272
